path,bytes,sha256
summary.json,3705,c4a6dd3271506da87667ac91566e317c3b16273d6d16b5d8f24a9839288990e7
thresholds.csv,652,e606262f2b42e1671a68b8ec4dc4b87cb38ba8f56fd0a5d9704d4652c025d513
calibration_audit.csv,2521,148002a5d321a3a98855e690649f9ecf1384dda2d754a24021711adfc7172ff4
pure_recovery.csv,3839,4ccbd057d609c75b39a428d2708b1aa4afba95cab9990bb9c8f772388b66c17f
null_evaluation.csv,631,25a06c37aea06319ca7bf5abfd93f5b23bfc25c82ac932e23f4d224ae2abd5a1
mixture_evaluation.csv,12148,393b44e646417d0742e2f15a7b8aeac046cc39ff24e35d9f4b15194929e7b1db
out_of_span_evaluation.csv,1793,24054f50878222ad14478b02e8e59aec85b3d9a93d4ede447f9581531982857a
allocations.csv,5008,86e1bc633a8fe9917a8b50ee6563a38706c6fd4b6124e69a5b69257c9c2af5e4
artifact_manifest.json,2627,d840a2ec34f5a386109c7f985033b53144fdcc1b1a0e0592b3274c0e38902b64
